;title;price;post link;image link
0;Apple iPhone 14 Pro Max 256gb Entrega Inmediata, Version Usa;1.700;https://articulo.mercadolibre.com.ve/MLV-743167620-apple-iphone-14-pro-max-256gb-entrega-inmediata-version-usa-_JM#position=1&search_layout=stack&type=item&tracking_id=2bb063f8-47dc-4670-b791-06e740217259;https://http2.mlstatic.com/D_NQ_NP_602070-MLV54727375713_032023-V.jpg
1;Celular iPhone 14 Pro, Nuevo, 128gb, Sim Física, Liberado;1.160;https://articulo.mercadolibre.com.ve/MLV-729622817-celular-iphone-14-pro-nuevo-128gb-sim-fisica-liberado-_JM#position=2&search_layout=stack&type=item&tracking_id=2bb063f8-47dc-4670-b791-06e740217259;https://http2.mlstatic.com/D_NQ_NP_676762-MLV69805095145_062023-V.jpg
2;iPhone 14 Forros Marca Shein;5;https://articulo.mercadolibre.com.ve/MLV-760852380-iphone-14-forros-marca-shein-_JM#position=3&search_layout=stack&type=item&tracking_id=2bb063f8-47dc-4670-b791-06e740217259;https://http2.mlstatic.com/D_NQ_NP_603649-MLV70377632092_072023-V.jpg
3;Telefono Apple iPhone 14 Plus 128 Gb ;1.080;https://articulo.mercadolibre.com.ve/MLV-727726270-telefono-apple-iphone-14-plus-128-gb-_JM#position=4&search_layout=stack&type=item&tracking_id=2bb063f8-47dc-4670-b791-06e740217259;https://http2.mlstatic.com/D_NQ_NP_887922-MLV52179530163_102022-V.jpg
4;iPhone 14 Pro Max (1 Sim + 1 Esim) 128gb Nuevo Envio Gratis;1.629;https://articulo.mercadolibre.com.ve/MLV-731981642-iphone-14-pro-max-1-sim-1-esim-128gb-nuevo-envio-gratis-_JM#position=5&search_layout=stack&type=item&tracking_id=2bb063f8-47dc-4670-b791-06e740217259;https://http2.mlstatic.com/D_NQ_NP_785817-MLV52913913199_122022-V.jpg
5;Iphohe 14 Pro  128gb (dual Sim Chip Fisico) 4 Colores;1.400;https://articulo.mercadolibre.com.ve/MLV-758852352-iphohe-14-pro-128gb-dual-sim-chip-fisico-4-colores-_JM#position=6&search_layout=stack&type=item&tracking_id=2bb063f8-47dc-4670-b791-06e740217259;https://http2.mlstatic.com/D_NQ_NP_741734-MLV70115210469_062023-V.jpg
6;Celular Apple iPhone 14 (1 Sim + 1 Esim) 128gb;865;https://articulo.mercadolibre.com.ve/MLV-762087976-celular-apple-iphone-14-1-sim-1-esim-128gb-_JM#position=7&search_layout=stack&type=item&tracking_id=2bb063f8-47dc-4670-b791-06e740217259;https://http2.mlstatic.com/D_NQ_NP_893868-MLV70534749684_072023-V.jpg
7;Celular Apple iPhone 14 Plus (esim) Blue ;1.162;https://articulo.mercadolibre.com.ve/MLV-744313875-celular-apple-iphone-14-plus-esim-blue-_JM#position=8&search_layout=stack&type=item&tracking_id=2bb063f8-47dc-4670-b791-06e740217259;https://http2.mlstatic.com/D_NQ_NP_947246-MLV70230104890_072023-V.jpg
8;Apple iPhone 14 Pro Max 256gb Esim+sim Gold;1.550;https://articulo.mercadolibre.com.ve/MLV-771235722-apple-iphone-14-pro-max-256gb-esimsim-gold-_JM#position=9&search_layout=stack&type=item&tracking_id=2bb063f8-47dc-4670-b791-06e740217259;https://http2.mlstatic.com/D_NQ_NP_652599-MLV71963350006_092023-V.jpg
9;Celular Apple iPhone 14 Pro (1 Sim + 1 Esim) 1tb ;1.850;https://articulo.mercadolibre.com.ve/MLV-755159614-celular-apple-iphone-14-pro-1-sim-1-esim-1tb-_JM#position=10&search_layout=stack&type=item&tracking_id=2bb063f8-47dc-4670-b791-06e740217259;https://http2.mlstatic.com/D_NQ_NP_900236-MLV69943264137_062023-V.jpg
10;iPhone 14, 128gb Amazon Renew Premiun ;850;https://articulo.mercadolibre.com.ve/MLV-739499604-iphone-14-128gb-amazon-renew-premiun-_JM#position=11&search_layout=stack&type=item&tracking_id=2bb063f8-47dc-4670-b791-06e740217259;https://http2.mlstatic.com/D_NQ_NP_974302-MLV54082557762_022023-V.jpg
11;iPhone 14 Plus ;1.300;https://articulo.mercadolibre.com.ve/MLV-729663261-iphone-14-plus-_JM#position=12&search_layout=stack&type=item&tracking_id=2bb063f8-47dc-4670-b791-06e740217259;https://http2.mlstatic.com/D_NQ_NP_825052-MLV52472227756_112022-V.jpg
12;Apple iPhone 14 Pro Max 256gb Sim+sim Black;1.500;https://articulo.mercadolibre.com.ve/MLV-771248444-apple-iphone-14-pro-max-256gb-simsim-black-_JM#position=13&search_layout=stack&type=item&tracking_id=2bb063f8-47dc-4670-b791-06e740217259;https://http2.mlstatic.com/D_NQ_NP_954818-MLV71963237172_092023-V.jpg
13;Celular Apple iPhone 14 Pro (1 Sim + 1 Esim) 512gb;1.441;https://articulo.mercadolibre.com.ve/MLV-755159718-celular-apple-iphone-14-pro-1-sim-1-esim-512gb-_JM#position=14&search_layout=stack&type=item&tracking_id=2bb063f8-47dc-4670-b791-06e740217259;https://http2.mlstatic.com/D_NQ_NP_789806-MLV69925474536_062023-V.jpg
14;Teléfono iPhone 14 256gb;1.023;https://articulo.mercadolibre.com.ve/MLV-743295222-telefono-iphone-14-256gb-_JM#position=15&search_layout=stack&type=item&tracking_id=2bb063f8-47dc-4670-b791-06e740217259;https://http2.mlstatic.com/D_NQ_NP_809507-MLV54748005800_032023-V.jpg
15;iPhone 14plus Negro;1.200;https://articulo.mercadolibre.com.ve/MLV-742858151-iphone-14plus-negro-_JM#position=16&search_layout=stack&type=item&tracking_id=2bb063f8-47dc-4670-b791-06e740217259;https://http2.mlstatic.com/D_NQ_NP_813082-MLV69684034699_052023-V.jpg
16;Celular Apple iPhone 14 Pro Max (1 Sim + 1 Esim) 128gb;1.299;https://articulo.mercadolibre.com.ve/MLV-755248268-celular-apple-iphone-14-pro-max-1-sim-1-esim-128gb-_JM#position=17&search_layout=stack&type=item&tracking_id=2bb063f8-47dc-4670-b791-06e740217259;https://http2.mlstatic.com/D_NQ_NP_665282-MLV69672539264_052023-V.jpg
17;Celular Apple iPhone 14 Pro (1 Sim + 1 Esim) 128gb;1.297;https://articulo.mercadolibre.com.ve/MLV-755234198-celular-apple-iphone-14-pro-1-sim-1-esim-128gb-_JM#position=18&search_layout=stack&type=item&tracking_id=2bb063f8-47dc-4670-b791-06e740217259;https://http2.mlstatic.com/D_NQ_NP_789347-MLV69670962996_052023-V.jpg
18;iPhone 14 256gb Midnight Nuevo Sellado;899;https://articulo.mercadolibre.com.ve/MLV-744576593-iphone-14-256gb-midnight-nuevo-sellado-_JM#position=19&search_layout=stack&type=item&tracking_id=2bb063f8-47dc-4670-b791-06e740217259;https://http2.mlstatic.com/D_NQ_NP_831580-MLV53585839912_022023-V.jpg
19;iPhone 14 Pro Max 256 Gb 6 Gb Ram E Sim Nuevo Sellado;1.522;https://articulo.mercadolibre.com.ve/MLV-735107008-iphone-14-pro-max-256-gb-6-gb-ram-e-sim-nuevo-sellado-_JM#position=20&search_layout=stack&type=item&tracking_id=2bb063f8-47dc-4670-b791-06e740217259;https://http2.mlstatic.com/D_NQ_NP_726399-MLV52154910522_102022-V.jpg
20;Celular Apple iPhone 14 Pro (2 Sim) 512gb;1.778;https://articulo.mercadolibre.com.ve/MLV-755248152-celular-apple-iphone-14-pro-2-sim-512gb-_JM#position=21&search_layout=stack&type=item&tracking_id=2bb063f8-47dc-4670-b791-06e740217259;https://http2.mlstatic.com/D_NQ_NP_772680-MLV69687467611_052023-V.jpg
21;iPhone 14 128gb;1.300;https://articulo.mercadolibre.com.ve/MLV-739963573-iphone-14-128gb-_JM#position=22&search_layout=stack&type=item&tracking_id=2bb063f8-47dc-4670-b791-06e740217259;https://http2.mlstatic.com/D_NQ_NP_628277-MLV54309257882_032023-V.jpg
22;Celular Apple iPhone 14 Pro Max (2 Sim) 256gb;1.499;https://articulo.mercadolibre.com.ve/MLV-755272610-celular-apple-iphone-14-pro-max-2-sim-256gb-_JM#position=23&search_layout=stack&type=item&tracking_id=2bb063f8-47dc-4670-b791-06e740217259;https://http2.mlstatic.com/D_NQ_NP_807456-MLV69687680619_052023-V.jpg
23;iPhone 14 Pro 128 Gb Esim ;950;https://articulo.mercadolibre.com.ve/MLV-762576862-iphone-14-pro-128-gb-esim-_JM#position=24&search_layout=stack&type=item&tracking_id=2bb063f8-47dc-4670-b791-06e740217259;https://http2.mlstatic.com/D_NQ_NP_960971-MLV70631236523_072023-V.jpg
24;iPhone 14 De 256 Gb Color Amarillo Totalmente Nuevo ;900;https://articulo.mercadolibre.com.ve/MLV-752219274-iphone-14-de-256-gb-color-amarillo-totalmente-nuevo-_JM#position=25&search_layout=stack&type=item&tracking_id=2bb063f8-47dc-4670-b791-06e740217259;https://http2.mlstatic.com/D_NQ_NP_771856-MLV69428558130_052023-V.jpg
25;iPhone 14 Pro Max 256gb Silver;1.250;https://articulo.mercadolibre.com.ve/MLV-727522136-iphone-14-pro-max-256gb-silver-_JM#position=26&search_layout=stack&type=item&tracking_id=2bb063f8-47dc-4670-b791-06e740217259;https://http2.mlstatic.com/D_NQ_NP_682298-MLV52143867866_102022-V.jpg
26;iPhone 14 Pro 256gb Morado;1.350;https://articulo.mercadolibre.com.ve/MLV-740459935-iphone-14-pro-256gb-morado-_JM#position=27&search_layout=stack&type=item&tracking_id=2bb063f8-47dc-4670-b791-06e740217259;https://http2.mlstatic.com/D_NQ_NP_746834-MLV54488613125_032023-V.jpg
27;Cargadores Certificados Apple ;15;https://articulo.mercadolibre.com.ve/MLV-741514414-cargadores-certificados-apple-_JM#position=28&search_layout=stack&type=item&tracking_id=2bb063f8-47dc-4670-b791-06e740217259;https://http2.mlstatic.com/D_NQ_NP_874626-MLV54436673847_032023-V.jpg
28;iPhone 14 Pro Max ;1.000;https://articulo.mercadolibre.com.ve/MLV-750671832-iphone-14-pro-max-_JM#position=29&search_layout=stack&type=item&tracking_id=2bb063f8-47dc-4670-b791-06e740217259;https://http2.mlstatic.com/D_NQ_NP_681110-MLA69343142294_052023-V.jpg
29;Celular iPhone 14 Pro 128gb Nuevo De Caja Sim Física ;1.180;https://articulo.mercadolibre.com.ve/MLV-747641883-celular-iphone-14-pro-128gb-nuevo-de-caja-sim-fisica-_JM#position=30&search_layout=stack&type=item&tracking_id=2bb063f8-47dc-4670-b791-06e740217259;https://http2.mlstatic.com/D_NQ_NP_632322-MLV71393437617_082023-V.jpg
30;Apple  iPhone 14 128gb Azul ;1.110;https://articulo.mercadolibre.com.ve/MLV-762943992-apple-iphone-14-128gb-azul-_JM#position=31&search_layout=stack&type=item&tracking_id=2bb063f8-47dc-4670-b791-06e740217259;https://http2.mlstatic.com/D_NQ_NP_780722-MLV70672907714_072023-V.jpg
31;iPhone 14 Pro Max 256gb Morado;1.450;https://articulo.mercadolibre.com.ve/MLV-729919849-iphone-14-pro-max-256gb-morado-_JM#position=32&search_layout=stack&type=item&tracking_id=2bb063f8-47dc-4670-b791-06e740217259;https://http2.mlstatic.com/D_NQ_NP_852291-MLV52544468576_112022-V.jpg
32;iPhone 14 Pro 126gb;1.180;https://articulo.mercadolibre.com.ve/MLV-761173648-iphone-14-pro-126gb-_JM#position=33&search_layout=stack&type=item&tracking_id=2bb063f8-47dc-4670-b791-06e740217259;https://http2.mlstatic.com/D_NQ_NP_971926-MLV70430003242_072023-V.jpg
33;iPhone 14 256gb Dual Sim Tienda Física Disponible ;1.020;https://articulo.mercadolibre.com.ve/MLV-748181571-iphone-14-256gb-dual-sim-tienda-fisica-disponible-_JM#position=34&search_layout=stack&type=item&tracking_id=2bb063f8-47dc-4670-b791-06e740217259;https://http2.mlstatic.com/D_NQ_NP_618157-MLV71638757407_092023-V.jpg
34;Apple iPhone 14 Pro Max (esim) 128gb;1.269;https://articulo.mercadolibre.com.ve/MLV-755260532-apple-iphone-14-pro-max-esim-128gb-_JM#position=35&search_layout=stack&type=item&tracking_id=2bb063f8-47dc-4670-b791-06e740217259;https://http2.mlstatic.com/D_NQ_NP_756039-MLV69687824083_052023-V.jpg
35;iPhone 14 Pro 128gb Dual Sim - Tienda Física;1.288;https://articulo.mercadolibre.com.ve/MLV-764119398-iphone-14-pro-128gb-dual-sim-tienda-fisica-_JM#position=36&search_layout=stack&type=item&tracking_id=2bb063f8-47dc-4670-b791-06e740217259;https://http2.mlstatic.com/D_NQ_NP_985113-MLV70920036335_082023-V.jpg
36;iPhone 14 128 Gb 6 Gb Ram Sim Card + Esim;966;https://articulo.mercadolibre.com.ve/MLV-757636568-iphone-14-128-gb-6-gb-ram-sim-card-esim-_JM#position=37&search_layout=stack&type=item&tracking_id=2bb063f8-47dc-4670-b791-06e740217259;https://http2.mlstatic.com/D_NQ_NP_807827-MLV52155125020_102022-V.jpg
37;iPhone 14 Pro Max;1.400;https://articulo.mercadolibre.com.ve/MLV-742964802-iphone-14-pro-max-_JM#position=38&search_layout=stack&type=item&tracking_id=2bb063f8-47dc-4670-b791-06e740217259;https://http2.mlstatic.com/D_NQ_NP_716569-MLV54718379319_032023-V.jpg
38;Apple iPhone 14 Pro 128gb Dual Sim Space Black;1.295;https://articulo.mercadolibre.com.ve/MLV-762943780-apple-iphone-14-pro-128gb-dual-sim-space-black-_JM#position=39&search_layout=stack&type=item&tracking_id=2bb063f8-47dc-4670-b791-06e740217259;https://http2.mlstatic.com/D_NQ_NP_662765-MLV70670945778_072023-V.jpg
39;iPhone 14 128gb  ¡nuevo Sellado!;980;https://articulo.mercadolibre.com.ve/MLV-734925501-iphone-14-128gb-nuevo-sellado-_JM#position=40&search_layout=stack&type=item&tracking_id=2bb063f8-47dc-4670-b791-06e740217259;https://http2.mlstatic.com/D_NQ_NP_802420-MLV53489341463_012023-V.jpg
40;iPhone 14 Pro Max 256gb Dual Sim Sellados;1.320;https://articulo.mercadolibre.com.ve/MLV-764922484-iphone-14-pro-max-256gb-dual-sim-sellados-_JM#position=41&search_layout=stack&type=item&tracking_id=2bb063f8-47dc-4670-b791-06e740217259;https://http2.mlstatic.com/D_NQ_NP_641608-MLV71029700977_082023-V.jpg
41;Celular iPhone 14 Pro 256gb 5g Liberado ;1.350;https://articulo.mercadolibre.com.ve/MLV-770577944-celular-iphone-14-pro-256gb-5g-liberado-_JM#position=42&search_layout=stack&type=item&tracking_id=2bb063f8-47dc-4670-b791-06e740217259;https://http2.mlstatic.com/D_NQ_NP_697525-MLV71951129097_092023-V.jpg
42;iPhone 14 128gb Almacenamiento;1.256;https://articulo.mercadolibre.com.ve/MLV-750031790-iphone-14-128gb-almacenamiento-_JM#position=43&search_layout=stack&type=item&tracking_id=2bb063f8-47dc-4670-b791-06e740217259;https://http2.mlstatic.com/D_NQ_NP_988394-MLV69268730783_052023-V.jpg
43;iPhone 14 Pro Max Gold 256gb Modelo A2651;1.200;https://articulo.mercadolibre.com.ve/MLV-768895086-iphone-14-pro-max-gold-256gb-modelo-a2651-_JM#position=44&search_layout=stack&type=item&tracking_id=2bb063f8-47dc-4670-b791-06e740217259;https://http2.mlstatic.com/D_NQ_NP_913586-MLV71630542931_092023-V.jpg
44;iPhone 14 Pro 256 Gb 6 Gb Ram Dual Sim Nuevo Sellado;1.464;https://articulo.mercadolibre.com.ve/MLV-727580528-iphone-14-pro-256-gb-6-gb-ram-dual-sim-nuevo-sellado-_JM#position=45&search_layout=stack&type=item&tracking_id=2bb063f8-47dc-4670-b791-06e740217259;https://http2.mlstatic.com/D_NQ_NP_847236-MLV52154787792_102022-V.jpg
45;iPhone 14 Clásico Negro;1.150;https://articulo.mercadolibre.com.ve/MLV-755232722-iphone-14-clasico-negro-_JM#position=46&search_layout=stack&type=item&tracking_id=2bb063f8-47dc-4670-b791-06e740217259;https://http2.mlstatic.com/D_NQ_NP_738137-MLV69669688362_052023-V.jpg
46;iPhone 14 Pro 256gb Dual Sim - Tienda Física;1.378;https://articulo.mercadolibre.com.ve/MLV-746193449-iphone-14-pro-256gb-dual-sim-tienda-fisica-_JM#position=47&search_layout=stack&type=item&tracking_id=2bb063f8-47dc-4670-b791-06e740217259;https://http2.mlstatic.com/D_NQ_NP_985113-MLV70920036335_082023-V.jpg
47;Celular Apple iPhone 14 Pro (2 Sim) 256gb;1.389;https://articulo.mercadolibre.com.ve/MLV-755108214-celular-apple-iphone-14-pro-2-sim-256gb-_JM#position=48&search_layout=stack&type=item&tracking_id=2bb063f8-47dc-4670-b791-06e740217259;https://http2.mlstatic.com/D_NQ_NP_861978-MLV69672419804_052023-V.jpg
48;iPhone 14;985;https://articulo.mercadolibre.com.ve/MLV-752051336-iphone-14-_JM#position=49&search_layout=stack&type=item&tracking_id=2bb063f8-47dc-4670-b791-06e740217259;https://http2.mlstatic.com/D_NQ_NP_977150-MLV69413677574_052023-V.jpg
49;iPhone 14 Pro Max 128gb Dual Sim - Tienda Fisica;1.433;https://articulo.mercadolibre.com.ve/MLV-764119336-iphone-14-pro-max-128gb-dual-sim-tienda-fisica-_JM#position=50&search_layout=stack&type=item&tracking_id=2bb063f8-47dc-4670-b791-06e740217259;https://http2.mlstatic.com/D_NQ_NP_845316-MLV70885832032_082023-V.jpg
50;iPhone 14 Pro Max 256 Gb 6 Gb Ram Sim Card + E Sim;1.554;https://articulo.mercadolibre.com.ve/MLV-764564812-iphone-14-pro-max-256-gb-6-gb-ram-sim-card-e-sim-_JM#position=1&search_layout=stack&type=item&tracking_id=8948f432-0a1b-4f1a-8f0a-c9628f4ba215;https://http2.mlstatic.com/D_NQ_NP_726399-MLV52154910522_102022-V.jpg
51;iPhone 14 Pro 256gb ¡nuevo Sellado!;1.480;https://articulo.mercadolibre.com.ve/MLV-734925551-iphone-14-pro-256gb-nuevo-sellado-_JM#position=2&search_layout=stack&type=item&tracking_id=8948f432-0a1b-4f1a-8f0a-c9628f4ba215;https://http2.mlstatic.com/D_NQ_NP_914915-MLV53489450626_012023-V.jpg
52;iPhone 14 256gb Nuevos;1.060;https://articulo.mercadolibre.com.ve/MLV-736612952-iphone-14-256gb-nuevos-_JM#position=3&search_layout=stack&type=item&tracking_id=8948f432-0a1b-4f1a-8f0a-c9628f4ba215;https://http2.mlstatic.com/D_NQ_NP_774434-MLA53607327795_022023-V.jpg
53;iPhone 14 Pro Max 256gb Dual Sim Tienda Física ;1.380;https://articulo.mercadolibre.com.ve/MLV-748245595-iphone-14-pro-max-256gb-dual-sim-tienda-fisica-_JM#position=4&search_layout=stack&type=item&tracking_id=8948f432-0a1b-4f1a-8f0a-c9628f4ba215;https://http2.mlstatic.com/D_NQ_NP_697905-MLV71637093813_092023-V.jpg
54;iPhone 14 Pro 128 Gb Nuevo Sellado ;1.149;https://articulo.mercadolibre.com.ve/MLV-747855907-iphone-14-pro-128-gb-nuevo-sellado-_JM#position=5&search_layout=stack&type=item&tracking_id=8948f432-0a1b-4f1a-8f0a-c9628f4ba215;https://http2.mlstatic.com/D_NQ_NP_650202-MLV71481539735_092023-V.jpg
55;iPhone 14 Pro Max 512gb Dual Sim - Tienda Fisica;1.870;https://articulo.mercadolibre.com.ve/MLV-764192114-iphone-14-pro-max-512gb-dual-sim-tienda-fisica-_JM#position=6&search_layout=stack&type=item&tracking_id=8948f432-0a1b-4f1a-8f0a-c9628f4ba215;https://http2.mlstatic.com/D_NQ_NP_839837-MLV70885976310_082023-V.jpg
56;Celular iPhone 14 Pro 256gb Nuevo.;1.250;https://articulo.mercadolibre.com.ve/MLV-756584562-celular-iphone-14-pro-256gb-nuevo-_JM#position=7&search_layout=stack&type=item&tracking_id=8948f432-0a1b-4f1a-8f0a-c9628f4ba215;https://http2.mlstatic.com/D_NQ_NP_928637-MLV69888634461_062023-V.jpg
57;iPhone 14 Pro Max De 256gb;1.736;https://articulo.mercadolibre.com.ve/MLV-744168512-iphone-14-pro-max-de-256gb-_JM#position=8&search_layout=stack&type=item&tracking_id=8948f432-0a1b-4f1a-8f0a-c9628f4ba215;https://http2.mlstatic.com/D_NQ_NP_793319-MLV54821291568_042023-V.jpg
58;iPhone 14 Pro Esim;1.300;https://articulo.mercadolibre.com.ve/MLV-751898504-iphone-14-pro-esim-_JM#position=9&search_layout=stack&type=item&tracking_id=8948f432-0a1b-4f1a-8f0a-c9628f4ba215;https://http2.mlstatic.com/D_NQ_NP_913637-MLV69423990365_052023-V.jpg
59;Apple iPhone 14 Pro Max, 128gb, Negro Espacial;1.540;https://articulo.mercadolibre.com.ve/MLV-739478007-apple-iphone-14-pro-max-128gb-negro-espacial-_JM#position=10&search_layout=stack&type=item&tracking_id=8948f432-0a1b-4f1a-8f0a-c9628f4ba215;https://http2.mlstatic.com/D_NQ_NP_835261-MLV54081396132_022023-V.jpg
60;iPhone 14 Pro 256gb Sellado;1.270;https://articulo.mercadolibre.com.ve/MLV-736415447-iphone-14-pro-256gb-sellado-_JM#position=11&search_layout=stack&type=item&tracking_id=8948f432-0a1b-4f1a-8f0a-c9628f4ba215;https://http2.mlstatic.com/D_NQ_NP_721930-MLA53590670430_022023-V.jpg
61;Apple iPhone 14 Pro Max 128gb Space Black Dual Sim;1.465;https://articulo.mercadolibre.com.ve/MLV-762897108-apple-iphone-14-pro-max-128gb-space-black-dual-sim-_JM#position=12&search_layout=stack&type=item&tracking_id=8948f432-0a1b-4f1a-8f0a-c9628f4ba215;https://http2.mlstatic.com/D_NQ_NP_905101-MLV70702680265_072023-V.jpg
62;iPhone 14 Pro;1.350;https://articulo.mercadolibre.com.ve/MLV-769451422-iphone-14-pro-_JM#position=13&search_layout=stack&type=item&tracking_id=8948f432-0a1b-4f1a-8f0a-c9628f4ba215;https://http2.mlstatic.com/D_NQ_NP_899445-MLV71692439884_092023-V.jpg
63;iPhone 14 Pro Max 256gb Dual Sim - Tienda Fisica;1.468;https://articulo.mercadolibre.com.ve/MLV-746191133-iphone-14-pro-max-256gb-dual-sim-tienda-fisica-_JM#position=14&search_layout=stack&type=item&tracking_id=8948f432-0a1b-4f1a-8f0a-c9628f4ba215;https://http2.mlstatic.com/D_NQ_NP_845316-MLV70885832032_082023-V.jpg
64;iPhone 14 Pro Max Somos Tienda Fisica;1.369;https://articulo.mercadolibre.com.ve/MLV-769559218-iphone-14-pro-max-somos-tienda-fisica-_JM#position=15&search_layout=stack&type=item&tracking_id=8948f432-0a1b-4f1a-8f0a-c9628f4ba215;https://http2.mlstatic.com/D_NQ_NP_999701-MLV71725776527_092023-V.jpg
65;Celular Apple iPhone 14 Pro Max 256gb 5g Liberado ;1.421;https://articulo.mercadolibre.com.ve/MLV-770658336-celular-apple-iphone-14-pro-max-256gb-5g-liberado-_JM#position=16&search_layout=stack&type=item&tracking_id=8948f432-0a1b-4f1a-8f0a-c9628f4ba215;https://http2.mlstatic.com/D_NQ_NP_673197-MLV71900443142_092023-V.jpg
66;iPhone 14 Pro Max 256 Gb Originales Nuevos Sellados;1.199;https://articulo.mercadolibre.com.ve/MLV-731442401-iphone-14-pro-max-256-gb-originales-nuevos-sellados-_JM#position=17&search_layout=stack&type=item&tracking_id=8948f432-0a1b-4f1a-8f0a-c9628f4ba215;https://http2.mlstatic.com/D_NQ_NP_742313-MLV52833364669_122022-V.jpg
67;iPhone 14 Pro Max 128gb 256gb 512gb Empresa Fisica;1.180;https://articulo.mercadolibre.com.ve/MLV-746055000-iphone-14-pro-max-128gb-256gb-512gb-empresa-fisica-_JM#position=18&search_layout=stack&type=item&tracking_id=8948f432-0a1b-4f1a-8f0a-c9628f4ba215;https://http2.mlstatic.com/D_NQ_NP_669034-MLV54935441099_042023-V.jpg
68;Celular Apple iPhone 14 Pro Max (2 Sim) 512gb;1.845;https://articulo.mercadolibre.com.ve/MLV-755160470-celular-apple-iphone-14-pro-max-2-sim-512gb-_JM#position=19&search_layout=stack&type=item&tracking_id=8948f432-0a1b-4f1a-8f0a-c9628f4ba215;https://http2.mlstatic.com/D_NQ_NP_994168-MLV69687822537_052023-V.jpg
69;iPhone 14 Pro Max 512 Gb Originales Nuevos Sellados;1.399;https://articulo.mercadolibre.com.ve/MLV-731448972-iphone-14-pro-max-512-gb-originales-nuevos-sellados-_JM#position=20&search_layout=stack&type=item&tracking_id=8948f432-0a1b-4f1a-8f0a-c9628f4ba215;https://http2.mlstatic.com/D_NQ_NP_721884-MLV52833645722_122022-V.jpg
70;iPhone 14 Pro Max 1tb Color Deep Purple Original Dual Sim;1.599;https://articulo.mercadolibre.com.ve/MLV-730674741-iphone-14-pro-max-1tb-color-deep-purple-original-dual-sim-_JM#position=21&search_layout=stack&type=item&tracking_id=8948f432-0a1b-4f1a-8f0a-c9628f4ba215;https://http2.mlstatic.com/D_NQ_NP_933796-MLV52679280247_122022-V.jpg
71;iPhone 14 Pro Max 512 Gb 6 Gb Ram Dual Sim Nuevo Sellado;1.837;https://articulo.mercadolibre.com.ve/MLV-729601217-iphone-14-pro-max-512-gb-6-gb-ram-dual-sim-nuevo-sellado-_JM#position=22&search_layout=stack&type=item&tracking_id=8948f432-0a1b-4f1a-8f0a-c9628f4ba215;https://http2.mlstatic.com/D_NQ_NP_726399-MLV52154910522_102022-V.jpg
72;iPhone 14 Pro Max 1tb Dual Sim - Tienda Fisica;2.060;https://articulo.mercadolibre.com.ve/MLV-764141526-iphone-14-pro-max-1tb-dual-sim-tienda-fisica-_JM#position=23&search_layout=stack&type=item&tracking_id=8948f432-0a1b-4f1a-8f0a-c9628f4ba215;https://http2.mlstatic.com/D_NQ_NP_845316-MLV70885832032_082023-V.jpg
73;iPhone 14 Pro Max 256gb Negro Nuevo Sellado;1.450;https://articulo.mercadolibre.com.ve/MLV-737576707-iphone-14-pro-max-256gb-negro-nuevo-sellado-_JM#position=24&search_layout=stack&type=item&tracking_id=8948f432-0a1b-4f1a-8f0a-c9628f4ba215;https://http2.mlstatic.com/D_NQ_NP_990647-MLV53753287858_022023-V.jpg
74;Apple iPhone 14 Pro Max (esim) 256gb;1.405;https://articulo.mercadolibre.com.ve/MLV-755284562-apple-iphone-14-pro-max-esim-256gb-_JM#position=25&search_layout=stack&type=item&tracking_id=8948f432-0a1b-4f1a-8f0a-c9628f4ba215;https://http2.mlstatic.com/D_NQ_NP_721690-MLV69688157567_052023-V.jpg
75;iPhone 14 Pro/max ;1.400;https://articulo.mercadolibre.com.ve/MLV-726025753-iphone-14-promax-_JM#position=26&search_layout=stack&type=item&tracking_id=8948f432-0a1b-4f1a-8f0a-c9628f4ba215;https://http2.mlstatic.com/D_NQ_NP_947828-MLV51890280268_102022-V.jpg
76;Celular Apple iPhone 14 Pro Max (2 Sim) 128gb;1.399;https://articulo.mercadolibre.com.ve/MLV-755248380-celular-apple-iphone-14-pro-max-2-sim-128gb-_JM#position=27&search_layout=stack&type=item&tracking_id=8948f432-0a1b-4f1a-8f0a-c9628f4ba215;https://http2.mlstatic.com/D_NQ_NP_654402-MLV69672539396_052023-V.jpg
77;iPhone 14 Pro Max Color Purple;1.300;https://articulo.mercadolibre.com.ve/MLV-733384844-iphone-14-pro-max-color-purple-_JM#position=28&search_layout=stack&type=item&tracking_id=8948f432-0a1b-4f1a-8f0a-c9628f4ba215;https://http2.mlstatic.com/D_NQ_NP_858535-MLV53281524459_012023-V.jpg
78;iPhone 14 Pro Max Esim Deed Purple Morado De 256gb;1.650;https://articulo.mercadolibre.com.ve/MLV-736766619-iphone-14-pro-max-esim-deed-purple-morado-de-256gb-_JM#position=29&search_layout=stack&type=item&tracking_id=8948f432-0a1b-4f1a-8f0a-c9628f4ba215;https://http2.mlstatic.com/D_NQ_NP_768536-MLA53627373429_022023-V.jpg
79;iPhone 14 Pro Max 128 Gb Nuevo Sellado Traído De California ;1.550;https://articulo.mercadolibre.com.ve/MLV-734393597-iphone-14-pro-max-128-gb-nuevo-sellado-traido-de-california-_JM#position=30&search_layout=stack&type=item&tracking_id=8948f432-0a1b-4f1a-8f0a-c9628f4ba215;https://http2.mlstatic.com/D_NQ_NP_930113-MLV53420084336_012023-V.jpg
80;iPhone 14 Pro Max 256gb Almacenamiento Esim;1.928;https://articulo.mercadolibre.com.ve/MLV-749940820-iphone-14-pro-max-256gb-almacenamiento-esim-_JM#position=31&search_layout=stack&type=item&tracking_id=8948f432-0a1b-4f1a-8f0a-c9628f4ba215;https://http2.mlstatic.com/D_NQ_NP_617274-MLV69261461618_052023-V.jpg
81;iPhone 14 Pro Max Esim;1.450;https://articulo.mercadolibre.com.ve/MLV-751898524-iphone-14-pro-max-esim-_JM#position=32&search_layout=stack&type=item&tracking_id=8948f432-0a1b-4f1a-8f0a-c9628f4ba215;https://http2.mlstatic.com/D_NQ_NP_771406-MLV69413678752_052023-V.jpg
82;iPhone 14 Pro Max 256gb Dual Sim;1.450;https://articulo.mercadolibre.com.ve/MLV-730786808-iphone-14-pro-max-256gb-dual-sim-_JM#position=33&search_layout=stack&type=item&tracking_id=8948f432-0a1b-4f1a-8f0a-c9628f4ba215;https://http2.mlstatic.com/D_NQ_NP_631086-MLA52699633519_122022-V.jpg
83;iPhone 14 Pro Max ;1.455;https://articulo.mercadolibre.com.ve/MLV-762566102-iphone-14-pro-max-_JM#position=34&search_layout=stack&type=item&tracking_id=8948f432-0a1b-4f1a-8f0a-c9628f4ba215;https://http2.mlstatic.com/D_NQ_NP_944134-MLV70633615263_072023-V.jpg
84;iPhone 14 Pro Max Versión China;250;https://articulo.mercadolibre.com.ve/MLV-747655597-iphone-14-pro-max-version-china-_JM#position=35&search_layout=stack&type=item&tracking_id=8948f432-0a1b-4f1a-8f0a-c9628f4ba215;https://http2.mlstatic.com/D_NQ_NP_752024-MLV71472431717_092023-V.jpg
85;iPhone 14, 14 Pro Y Pro Max;850;https://articulo.mercadolibre.com.ve/MLV-766127198-iphone-14-14-pro-y-pro-max-_JM#position=36&search_layout=stack&type=item&tracking_id=8948f432-0a1b-4f1a-8f0a-c9628f4ba215;https://http2.mlstatic.com/D_NQ_NP_859427-MLV71190500384_082023-V.jpg
86;iPhone 14 Pro Max 128gb;1.150;https://articulo.mercadolibre.com.ve/MLV-770117718-iphone-14-pro-max-128gb-_JM#position=37&search_layout=stack&type=item&tracking_id=8948f432-0a1b-4f1a-8f0a-c9628f4ba215;https://http2.mlstatic.com/D_NQ_NP_622902-MLV71801240596_092023-V.jpg
87;Teléfono iPhone 14 Plus;1.000;https://articulo.mercadolibre.com.ve/MLV-746348043-telefono-iphone-14-plus-_JM#position=38&search_layout=stack&type=item&tracking_id=8948f432-0a1b-4f1a-8f0a-c9628f4ba215;https://http2.mlstatic.com/D_NQ_NP_894531-MLV70994445343_082023-V.jpg
88;iPhone 14 Pro Max 256 Gb;1.200;https://articulo.mercadolibre.com.ve/MLV-764147442-iphone-14-pro-max-256-gb-_JM#position=39&search_layout=stack&type=item&tracking_id=8948f432-0a1b-4f1a-8f0a-c9628f4ba215;https://http2.mlstatic.com/D_NQ_NP_665035-MLV70924427733_082023-V.jpg
89;iPhone 14 Pro 256gb Nuevo;1.200;https://articulo.mercadolibre.com.ve/MLV-746282981-iphone-14-pro-256gb-nuevo-_JM#position=40&search_layout=stack&type=item&tracking_id=8948f432-0a1b-4f1a-8f0a-c9628f4ba215;https://http2.mlstatic.com/D_NQ_NP_889519-MLV70944591033_082023-V.jpg
90;Apple iPhone 14 (128 Gb);1.000;https://articulo.mercadolibre.com.ve/MLV-748408265-apple-iphone-14-128-gb-_JM#position=41&search_layout=stack&type=item&tracking_id=8948f432-0a1b-4f1a-8f0a-c9628f4ba215;https://http2.mlstatic.com/D_NQ_NP_821399-MLV71682912845_092023-V.jpg
91;iPhone 14 Pro Max Dual Sim 256gbsambil Barquisimeto;1.470;https://articulo.mercadolibre.com.ve/MLV-764877296-iphone-14-pro-max-dual-sim-256gbsambil-barquisimeto-_JM#position=42&search_layout=stack&type=item&tracking_id=8948f432-0a1b-4f1a-8f0a-c9628f4ba215;https://http2.mlstatic.com/D_NQ_NP_716195-MLV70995750788_082023-V.jpg
92;iPhone 14 Pro 256gb Deep Purple Esim ;1.290;https://articulo.mercadolibre.com.ve/MLV-770964548-iphone-14-pro-256gb-deep-purple-esim-_JM#position=43&search_layout=stack&type=item&tracking_id=8948f432-0a1b-4f1a-8f0a-c9628f4ba215;https://http2.mlstatic.com/D_NQ_NP_689397-MLV71978909127_092023-V.jpg
93;Vendo Celular iPhone 14 128gb By Apple Dual S, Nuevo Sellado;925;https://articulo.mercadolibre.com.ve/MLV-738199039-vendo-celular-iphone-14-128gb-by-apple-dual-s-nuevo-sellado-_JM#position=44&search_layout=stack&type=item&tracking_id=8948f432-0a1b-4f1a-8f0a-c9628f4ba215;https://http2.mlstatic.com/D_NQ_NP_623666-MLV53857650395_022023-V.jpg
94;Apple iPhone 14 Pro Max (256gb) - Negro Espacial;1.300;https://articulo.mercadolibre.com.ve/MLV-748369377-apple-iphone-14-pro-max-256gb-negro-espacial-_JM#position=45&search_layout=stack&type=item&tracking_id=8948f432-0a1b-4f1a-8f0a-c9628f4ba215;https://http2.mlstatic.com/D_NQ_NP_957017-MLV71682890301_092023-V.jpg
95;iPhone 14 Pro - 256gb;1.350;https://articulo.mercadolibre.com.ve/MLV-754413050-iphone-14-pro-256gb-_JM#position=46&search_layout=stack&type=item&tracking_id=8948f432-0a1b-4f1a-8f0a-c9628f4ba215;https://http2.mlstatic.com/D_NQ_NP_800364-MLV69613164935_052023-V.jpg
96;iPhone 14 128gb Tienda Fisica Certificada, Sellado ;880;https://articulo.mercadolibre.com.ve/MLV-770627358-iphone-14-128gb-tienda-fisica-certificada-sellado-_JM#position=47&search_layout=stack&type=item&tracking_id=8948f432-0a1b-4f1a-8f0a-c9628f4ba215;https://http2.mlstatic.com/D_NQ_NP_904986-MLV71896122398_092023-V.jpg
97;iPhone 14 Pro Max 256gb;1.250;https://articulo.mercadolibre.com.ve/MLV-748604181-iphone-14-pro-max-256gb-_JM#position=48&search_layout=stack&type=item&tracking_id=8948f432-0a1b-4f1a-8f0a-c9628f4ba215;https://http2.mlstatic.com/D_NQ_NP_907619-MLV71804483947_092023-V.jpg
98;iPhone 14 Pro;1.350;https://articulo.mercadolibre.com.ve/MLV-769324074-iphone-14-pro-_JM#position=49&search_layout=stack&type=item&tracking_id=8948f432-0a1b-4f1a-8f0a-c9628f4ba215;https://http2.mlstatic.com/D_NQ_NP_960036-MLV71658999839_092023-V.jpg
99;iPhone 14 Pro Max 512gb ( 1 Sim + Esim ) ;1.570;https://articulo.mercadolibre.com.ve/MLV-769706532-iphone-14-pro-max-512gb-1-sim-esim--_JM#position=50&search_layout=stack&type=item&tracking_id=8948f432-0a1b-4f1a-8f0a-c9628f4ba215;https://http2.mlstatic.com/D_NQ_NP_632128-MLV71739669592_092023-V.jpg
100;iPhone 14 Pro Max 128gb;1.200;https://articulo.mercadolibre.com.ve/MLV-770405746-iphone-14-pro-max-128gb-_JM#position=1&search_layout=stack&type=item&tracking_id=2cc3e155-425a-430a-92d6-a646e1aa06de;https://http2.mlstatic.com/D_NQ_NP_926715-MLV71841009032_092023-V.jpg
101;iPhone 14 Plus;14;https://articulo.mercadolibre.com.ve/MLV-769581468-iphone-14-plus-_JM#position=2&search_layout=stack&type=item&tracking_id=2cc3e155-425a-430a-92d6-a646e1aa06de;https://http2.mlstatic.com/D_NQ_NP_976853-MLV71746808057_092023-V.jpg
102;iPhone  14 Pro Max Nuevos;1.050;https://articulo.mercadolibre.com.ve/MLV-771666524-iphone-14-pro-max-nuevos-_JM#position=3&search_layout=stack&type=item&tracking_id=2cc3e155-425a-430a-92d6-a646e1aa06de;https://http2.mlstatic.com/D_NQ_NP_839664-MLV71978386166_092023-V.jpg
103;iPhone 14 Pro Max;1.421;https://articulo.mercadolibre.com.ve/MLV-769259926-iphone-14-pro-max-_JM#position=4&search_layout=stack&type=item&tracking_id=2cc3e155-425a-430a-92d6-a646e1aa06de;https://http2.mlstatic.com/D_NQ_NP_971944-MLV71659117501_092023-V.jpg
104;iPhone 14 Pro Max 6gb/256gb ;1.369;https://articulo.mercadolibre.com.ve/MLV-769598348-iphone-14-pro-max-6gb256gb-_JM#position=5&search_layout=stack&type=item&tracking_id=2cc3e155-425a-430a-92d6-a646e1aa06de;https://http2.mlstatic.com/D_NQ_NP_656307-MLV71725803601_092023-V.jpg
105;iPhone 14 Pro Max ;1.380;https://articulo.mercadolibre.com.ve/MLV-770839382-iphone-14-pro-max-_JM#position=6&search_layout=stack&type=item&tracking_id=2cc3e155-425a-430a-92d6-a646e1aa06de;https://http2.mlstatic.com/D_NQ_NP_927782-MLV72002242835_092023-V.jpg
106;iPhone 14 Pro Max ;1.360;https://articulo.mercadolibre.com.ve/MLV-770920970-iphone-14-pro-max-_JM#position=7&search_layout=stack&type=item&tracking_id=2cc3e155-425a-430a-92d6-a646e1aa06de;https://http2.mlstatic.com/D_NQ_NP_897174-MLV72007474845_092023-V.jpg
107;iPhone 14;900;https://articulo.mercadolibre.com.ve/MLV-767004610-iphone-14-_JM#position=8&search_layout=stack&type=item&tracking_id=2cc3e155-425a-430a-92d6-a646e1aa06de;https://http2.mlstatic.com/D_NQ_NP_950078-MLV69702271011_052023-V.jpg
108;iPhone 14 Pro 256gb Caja + Vidrio + Cable Dual Sim;1.250;https://articulo.mercadolibre.com.ve/MLV-764644094-iphone-14-pro-256gb-caja-vidrio-cable-dual-sim-_JM#position=9&search_layout=stack&type=item&tracking_id=2cc3e155-425a-430a-92d6-a646e1aa06de;https://http2.mlstatic.com/D_NQ_NP_858825-MLV70997162759_082023-V.jpg
109;iPhone 14 Pro Max 256 Gb ;1.350;https://articulo.mercadolibre.com.ve/MLV-748252785-iphone-14-pro-max-256-gb-_JM#position=10&search_layout=stack&type=item&tracking_id=2cc3e155-425a-430a-92d6-a646e1aa06de;https://http2.mlstatic.com/D_NQ_NP_635140-MLV71632398761_092023-V.jpg
110;iPhone 14 De 128gb;80;https://articulo.mercadolibre.com.ve/MLV-744389585-iphone-14-de-128gb-_JM#position=11&search_layout=stack&type=item&tracking_id=2cc3e155-425a-430a-92d6-a646e1aa06de;https://http2.mlstatic.com/D_NQ_NP_670426-MLV70233543980_072023-V.jpg
111;iPhone 14 Pro Max 128gb;1.160;https://articulo.mercadolibre.com.ve/MLV-745178013-iphone-14-pro-max-128gb-_JM#position=12&search_layout=stack&type=item&tracking_id=2cc3e155-425a-430a-92d6-a646e1aa06de;https://http2.mlstatic.com/D_NQ_NP_713192-MLV70558402872_072023-V.jpg
112;iPhone 14 Pro 256 Dual Liberado;110;https://articulo.mercadolibre.com.ve/MLV-746179257-iphone-14-pro-256-dual-liberado-_JM#position=13&search_layout=stack&type=item&tracking_id=2cc3e155-425a-430a-92d6-a646e1aa06de;https://http2.mlstatic.com/D_NQ_NP_712850-MLV70920484125_082023-V.jpg
113;iPhone 14 Pro 256gb;1.250;https://articulo.mercadolibre.com.ve/MLV-737209152-iphone-14-pro-256gb-_JM#position=14&search_layout=stack&type=item&tracking_id=2cc3e155-425a-430a-92d6-a646e1aa06de;https://http2.mlstatic.com/D_NQ_NP_665571-MLV53691785630_022023-V.jpg
114;iPhone 14 Pro Max 256 Gb Dual Sim + Apple Watch Serie 7;1.500;https://articulo.mercadolibre.com.ve/MLV-747157283-iphone-14-pro-max-256-gb-dual-sim-apple-watch-serie-7-_JM#position=15&search_layout=stack&type=item&tracking_id=2cc3e155-425a-430a-92d6-a646e1aa06de;https://http2.mlstatic.com/D_NQ_NP_697896-MLV71255258809_082023-V.jpg
115;iPhone 14;1.100;https://articulo.mercadolibre.com.ve/MLV-755787420-iphone-14-_JM#position=16&search_layout=stack&type=item&tracking_id=2cc3e155-425a-430a-92d6-a646e1aa06de;https://http2.mlstatic.com/D_NQ_NP_846861-MLV69790666935_062023-V.jpg
116;iPhone 14 Pro Dualsim 256gb;1.000;https://articulo.mercadolibre.com.ve/MLV-769182456-iphone-14-pro-dualsim-256gb-_JM#position=17&search_layout=stack&type=item&tracking_id=2cc3e155-425a-430a-92d6-a646e1aa06de;https://http2.mlstatic.com/D_NQ_NP_652725-MLV71611565266_092023-V.jpg
117;Celular iPhone 14 Pro Max 512 Gb Black Space E-sim;1.300;https://articulo.mercadolibre.com.ve/MLV-770625364-celular-iphone-14-pro-max-512-gb-black-space-e-sim-_JM#position=18&search_layout=stack&type=item&tracking_id=2cc3e155-425a-430a-92d6-a646e1aa06de;https://http2.mlstatic.com/D_NQ_NP_875491-MLV71892464556_092023-V.jpg
118;iPhone 14;800;https://articulo.mercadolibre.com.ve/MLV-733849534-iphone-14-_JM#position=19&search_layout=stack&type=item&tracking_id=2cc3e155-425a-430a-92d6-a646e1aa06de;https://http2.mlstatic.com/D_NQ_NP_749152-MLV53350856080_012023-V.jpg
119;iPhone 14 Pro 256gb Dual Sim Nuevo;1.300;https://articulo.mercadolibre.com.ve/MLV-740730702-iphone-14-pro-256gb-dual-sim-nuevo-_JM#position=20&search_layout=stack&type=item&tracking_id=2cc3e155-425a-430a-92d6-a646e1aa06de;https://http2.mlstatic.com/D_NQ_NP_626362-MLV54310586358_032023-V.jpg
120;iPhone 14 Pro Max 128gb Morado -batería 100% Con Accesorios;1.199;https://articulo.mercadolibre.com.ve/MLV-769179526-iphone-14-pro-max-128gb-morado-bateria-100-con-accesorios-_JM#position=21&search_layout=stack&type=item&tracking_id=2cc3e155-425a-430a-92d6-a646e1aa06de;https://http2.mlstatic.com/D_NQ_NP_761506-MLV71630120500_092023-V.jpg
121;iPhone 14 Pro ;870;https://articulo.mercadolibre.com.ve/MLV-769450666-iphone-14-pro-_JM#position=22&search_layout=stack&type=item&tracking_id=2cc3e155-425a-430a-92d6-a646e1aa06de;https://http2.mlstatic.com/D_NQ_NP_823278-MLV71683958790_092023-V.jpg
122;iPhone 14 Pro Max 256gb + Forro Original;1.200;https://articulo.mercadolibre.com.ve/MLV-746992829-iphone-14-pro-max-256gb-forro-original-_JM#position=23&search_layout=stack&type=item&tracking_id=2cc3e155-425a-430a-92d6-a646e1aa06de;https://http2.mlstatic.com/D_NQ_NP_687350-MLV71214540333_082023-V.jpg
123;iPhone 14 Pro;1.500;https://articulo.mercadolibre.com.ve/MLV-757308166-iphone-14-pro-_JM#position=24&search_layout=stack&type=item&tracking_id=2cc3e155-425a-430a-92d6-a646e1aa06de;https://http2.mlstatic.com/D_NQ_NP_613848-MLA70105908278_062023-V.jpg
124;iPhone 14 Pro Max 256gb;1.100;https://articulo.mercadolibre.com.ve/MLV-769317666-iphone-14-pro-max-256gb-_JM#position=25&search_layout=stack&type=item&tracking_id=2cc3e155-425a-430a-92d6-a646e1aa06de;https://http2.mlstatic.com/D_NQ_NP_924225-MLV71675870383_092023-V.jpg
125;iPhone 14 Pro Dual Sim;1.040;https://articulo.mercadolibre.com.ve/MLV-768856362-iphone-14-pro-dual-sim-_JM#position=26&search_layout=stack&type=item&tracking_id=2cc3e155-425a-430a-92d6-a646e1aa06de;https://http2.mlstatic.com/D_NQ_NP_885137-MLV71620772453_092023-V.jpg
126;iPhone 14 Pro Max Silver 128gb;1.000;https://articulo.mercadolibre.com.ve/MLV-769234856-iphone-14-pro-max-silver-128gb-_JM#position=27&search_layout=stack&type=item&tracking_id=2cc3e155-425a-430a-92d6-a646e1aa06de;https://http2.mlstatic.com/D_NQ_NP_853142-MLV71662152823_092023-V.jpg
127;iPhone 14 Pro Max 1tb;1.500;https://articulo.mercadolibre.com.ve/MLV-747072737-iphone-14-pro-max-1tb-_JM#position=28&search_layout=stack&type=item&tracking_id=2cc3e155-425a-430a-92d6-a646e1aa06de;https://http2.mlstatic.com/D_NQ_NP_877366-MLV71186671550_082023-V.jpg
128;iPhone 14 Pro 256 Gb;950;https://articulo.mercadolibre.com.ve/MLV-767503530-iphone-14-pro-256-gb-_JM#position=29&search_layout=stack&type=item&tracking_id=2cc3e155-425a-430a-92d6-a646e1aa06de;https://http2.mlstatic.com/D_NQ_NP_714379-MLV71324214980_082023-V.jpg
129;iPhone 14 Pro Max;1.100;https://articulo.mercadolibre.com.ve/MLV-769325108-iphone-14-pro-max-_JM#position=30&search_layout=stack&type=item&tracking_id=2cc3e155-425a-430a-92d6-a646e1aa06de;https://http2.mlstatic.com/D_NQ_NP_842014-MLV71671236313_092023-V.jpg
130;iPhone 14 Pro Max 128gb;1.150;https://articulo.mercadolibre.com.ve/MLV-770081384-iphone-14-pro-max-128gb-_JM#position=31&search_layout=stack&type=item&tracking_id=2cc3e155-425a-430a-92d6-a646e1aa06de;https://http2.mlstatic.com/D_NQ_NP_915376-MLV71803966612_092023-V.jpg
131;iPhone 14 Pro;1.000;https://articulo.mercadolibre.com.ve/MLV-748824487-iphone-14-pro-_JM#position=32&search_layout=stack&type=item&tracking_id=2cc3e155-425a-430a-92d6-a646e1aa06de;https://http2.mlstatic.com/D_NQ_NP_682988-MLV71930530037_092023-V.jpg
132;iPhone 14 De 256gb Garantía Por Apple;850;https://articulo.mercadolibre.com.ve/MLV-746450341-iphone-14-de-256gb-garantia-por-apple-_JM#position=33&search_layout=stack&type=item&tracking_id=2cc3e155-425a-430a-92d6-a646e1aa06de;https://http2.mlstatic.com/D_NQ_NP_920905-MLV70964995472_082023-V.jpg
133;iPhone 14 Pro Max De 128gb ;1.150;https://articulo.mercadolibre.com.ve/MLV-766413836-iphone-14-pro-max-de-128gb-_JM#position=34&search_layout=stack&type=item&tracking_id=2cc3e155-425a-430a-92d6-a646e1aa06de;https://http2.mlstatic.com/D_NQ_NP_955734-MLV71282594095_082023-V.jpg
134;iPhone 14 Plus 128gb;1.000;https://articulo.mercadolibre.com.ve/MLV-765685930-iphone-14-plus-128gb-_JM#position=35&search_layout=stack&type=item&tracking_id=2cc3e155-425a-430a-92d6-a646e1aa06de;https://http2.mlstatic.com/D_NQ_NP_946078-MLV71108275432_082023-V.jpg
135;iPhone 14 Pro ;850;https://articulo.mercadolibre.com.ve/MLV-770568324-iphone-14-pro-_JM#position=36&search_layout=stack&type=item&tracking_id=2cc3e155-425a-430a-92d6-a646e1aa06de;https://http2.mlstatic.com/D_NQ_NP_755867-MLV71901683928_092023-V.jpg
136;iPhone 14 Pro Max 256 Gb  2 Meses De Uso;1.100;https://articulo.mercadolibre.com.ve/MLV-770966762-iphone-14-pro-max-256-gb-2-meses-de-uso-_JM#position=37&search_layout=stack&type=item&tracking_id=2cc3e155-425a-430a-92d6-a646e1aa06de;https://http2.mlstatic.com/D_NQ_NP_684707-MLV71983765025_092023-V.jpg
137;iPhone 14+plus Azul Cielo 128gb Garantía;900;https://articulo.mercadolibre.com.ve/MLV-748659461-iphone-14plus-azul-cielo-128gb-garantia-_JM#position=38&search_layout=stack&type=item&tracking_id=2cc3e155-425a-430a-92d6-a646e1aa06de;https://http2.mlstatic.com/D_NQ_NP_644637-MLV71769722912_092023-V.jpg
138;iPhone 14 Pro Max De 256gb;120;https://articulo.mercadolibre.com.ve/MLV-748690907-iphone-14-pro-max-de-256gb-_JM#position=39&search_layout=stack&type=item&tracking_id=2cc3e155-425a-430a-92d6-a646e1aa06de;https://http2.mlstatic.com/D_NQ_NP_630903-MLV71830988459_092023-V.jpg
139;iPhone 14 Pro 128gb  Negro;950;https://articulo.mercadolibre.com.ve/MLV-746587239-iphone-14-pro-128gb-negro-_JM#position=40&search_layout=stack&type=item&tracking_id=2cc3e155-425a-430a-92d6-a646e1aa06de;https://http2.mlstatic.com/D_NQ_NP_604989-MLV69589615701_052023-V.jpg
140;iPhone 14 Sin Física Y Esim.;850;https://articulo.mercadolibre.com.ve/MLV-765912806-iphone-14-sin-fisica-y-esim-_JM#position=41&search_layout=stack&type=item&tracking_id=2cc3e155-425a-430a-92d6-a646e1aa06de;https://http2.mlstatic.com/D_NQ_NP_929815-MLV71194732033_082023-V.jpg
141;iPhone 14 Pro Max 256 Gb;1.000;https://articulo.mercadolibre.com.ve/MLV-768156840-iphone-14-pro-max-256-gb-_JM#position=42&search_layout=stack&type=item&tracking_id=2cc3e155-425a-430a-92d6-a646e1aa06de;https://http2.mlstatic.com/D_NQ_NP_694698-MLV71481394893_092023-V.jpg
142;iPhone 14 Pro 128 Gb;1.100;https://articulo.mercadolibre.com.ve/MLV-764127134-iphone-14-pro-128-gb-_JM#position=43&search_layout=stack&type=item&tracking_id=2cc3e155-425a-430a-92d6-a646e1aa06de;https://http2.mlstatic.com/D_NQ_NP_935552-MLV70919511621_082023-V.jpg
